Language,OCR Method,Preprocessing,Average Accuracy (%),Average Total Time (s),Average Preprocessing Time (s),Average OCR Time (s),Avg CPU (%),Peak CPU (%),OCR Output Image 1,OCR Output Image 2,Ground Truth
Arabic,Tesseract,No,0,0.53,0,0.53,0.61,3.55,‭‭,‭‭,‭‭قفزت القط فوق السياج. هبطت بهدوء على العشب الأخضر. كانت الشمس مشرقة فوقها. طار طائر صغير من شجرة قريبة.     وفي الوقت نفسه ، نباح كلب بصوت عال. سقطت الأوراق من الأشجار.
Arabic,Tesseract,Yes,68.66,0.64,0.39,0.24,29.05,62.16,‭‭قفزت القط فوق السياج. هبطت بهدوء على العشب الأخضر. كانت الشمس مشرقة فوقها. طار طائر صغير من شجرة قريبة.,‭‭قغوت القطا فيق اللسوااي هبطلت رهدوه على العشب التخضر قلات الضمس مشرقة فوقهة طلر طاقر صغير من ضجرة قري وفي القت نفسه : نباج كلب بصوت عال. مسقت للفيراق من الأفجال,‭‭قفزت القط فوق السياج. هبطت بهدوء على العشب الأخضر. كانت الشمس مشرقة فوقها. طار طائر صغير من شجرة قريبة.     وفي الوقت نفسه ، نباح كلب بصوت عال. سقطت الأوراق من الأشجار.
Arabic,Google Vision,No,100,0.27,0,0.27,1.32,4.2,‭‭قفزت القط فوق السياج. هبطت بهدوء على العشب الأخضر. كانت الشمس مشرقة فوقها. طار طائر صغير من شجرة قريبة. وفي الوقت نفسه ، نباح كلب بصوت عال. سقطت الأوراق من الأشجار.,‭‭قفزت القط فوق السياج. هبطت بهدوء على العشب الأخضر. كانت الشمس مشرقة فوقها. طار طائر صغير من شجرة قريبة. وفي الوقت نفسه ، نباح كلب بصوت عال. سقطت الأوراق من الأشجار.,‭‭قفزت القط فوق السياج. هبطت بهدوء على العشب الأخضر. كانت الشمس مشرقة فوقها. طار طائر صغير من شجرة قريبة.     وفي الوقت نفسه ، نباح كلب بصوت عال. سقطت الأوراق من الأشجار.
Bengali,Tesseract,No,33.33,0.35,0,0.35,1.21,4.2,‭এটিবুজ ঘাস নেরমভাব অবতরণ করছে একটছিশেট পাখকাছরে গাছ থকে ডুগেছেত। গাছ থকেপোতা পড়গেলে।,‭এটিবুজ ঘাস নেরমভাব অবতরণ করছে একটছিশেট পাখকাছরে গাছ থকে তেডুগেছে। গাছ থকেপোতা পড়গেলে।,"‭বিড়ালটি বেড়ার উপর দিয়ে লাফিয়ে উঠল। এটি সবুজ ঘাসে নরমভাবে অবতরণ করেছে। সূর্য উজ্জ্বলভাবে ওভারহেড জ্বলজ্বল করছিল। একটি ছোট পাখি কাছের গাছ থেকে উড়ে গেছে।     এদিকে, একটি কুকুর জোরে জোরে কাঁপছে। গাছ থেকে পাতা পড়ে গেল।"
Bengali,Tesseract,Yes,67.22,0.77,0.42,0.35,25.37,64.69,"‭এটটিসবুজ ঘাস নরমভাব অবতরণ করছে সূর্য উজ্জ্বলভাবওভারহডে জ্বলজ্বল করছলি। একটছিছেট পাখটকাছরে গাছ থকেেড়গেছে এদকিত, একটক্ককুর জশোর জেশের কাঁপছ গাছ থকেপোতা পড়গেলে।",‭বড়ালটবিড়োর উপর দধযিলোফযিেঠল। এটটিসবুজ ঘাস নেরমভাব অবতরণ করছে সূর্য উজ্জ্বলভাবওভারহডে জ্বলজ্বল করছলি। একট ছিণেট পাখটকাছরে গাছ থকেডেড়গেছে এদকিত একটক্কিকুর জণোর জৈশের কাঁপছ গাছ থকেপোতা পড়গেলে।,"‭বিড়ালটি বেড়ার উপর দিয়ে লাফিয়ে উঠল। এটি সবুজ ঘাসে নরমভাবে অবতরণ করেছে। সূর্য উজ্জ্বলভাবে ওভারহেড জ্বলজ্বল করছিল। একটি ছোট পাখি কাছের গাছ থেকে উড়ে গেছে।     এদিকে, একটি কুকুর জোরে জোরে কাঁপছে। গাছ থেকে পাতা পড়ে গেল।"
Bengali,Google Vision,No,80,0.26,0,0.26,0.99,2.15,"‭বড়ালটা বড়োর উপর দয়ি েলাফয়ি েউঠল। এট িসবুজ ঘাস েনরমভাব েঅবতরণ করছে । সূর্য উজ্জ্বলভাব েওভারহডে জ্বলজ্বল করছলি। একটা ছটে পাখ িকাছরে গাছ থকে েউড় েগছে।ে এদকি,ে একটা কুকুর জণেরজোের েকাঁপছ ৷ গাছ থকে েপাতা পড় েগলে।","‭বাড়ালটা বড়োর উপর দয়ি েলাফয়ি েউঠল। এট িসবুজ ঘাস েনরমভাব েঅবতরণ করছে । সূর্য উজ্জ্বলভাব েওভারহডে জ্বলজ্বল করছলি। একটা ছটে পাখ িকাছরে গাছ থকে েউড় েগছে।ে এদকি,ে একটা কুকুর জণেরজোের েকাঁপছ ৷ গাছ থকে েপাতা পড়গেলে।","‭বিড়ালটি বেড়ার উপর দিয়ে লাফিয়ে উঠল। এটি সবুজ ঘাসে নরমভাবে অবতরণ করেছে। সূর্য উজ্জ্বলভাবে ওভারহেড জ্বলজ্বল করছিল। একটি ছোট পাখি কাছের গাছ থেকে উড়ে গেছে।     এদিকে, একটি কুকুর জোরে জোরে কাঁপছে। গাছ থেকে পাতা পড়ে গেল।"
Chinese (Simplified),Tesseract,No,93.33,0.79,0,0.79,0.53,4.2,‭猫 跳过 篇 笛 。 它 轻 轻 地 降落 在 绿 草 上 。 太阳 在 头顶 闪闪 发 光 。一 只 小 鸟 从 附近 的 树 上 “来 。同时 ， 一 只 狗 大 声 嘱 叫 。 叶子 从 树 上 掉 下 来 。,‭猫 跳过 篇 秃 。 它 轻 轻 地 降落 在 绿 草 上 。 太阳 在 头顶 闪闪 发 光 。一 只 小 鸟 从 附近 的 树 上 《来 。同时 ， 一 只 狗 大 声 嘱 叫 。 叶子 从 树 上 掉 下 来 。,‭猫跳过篱笆。 它轻轻地降落在绿草上。 太阳在头顶闪闪发光。 一只小鸟从附近的树上飞来。     同时，一只狗大声吠叫。 叶子从树上掉下来。
Chinese (Simplified),Tesseract,Yes,95.83,0.67,0.01,0.66,1.23,15.79,‭猫 跳过 篱 笛 。 它 轻 轻 地 降落 在 绿 草 上 。 太阳 在 头顶 闪闪 发 光 。一 只 小 鸟 从 附近 的 树 上 飞 来 。同时 ， 一 只 狗 大 声 叶 叫 。 叶子 从树 上 掉 下 来 。,‭猫 跳过 篇 乞 。 它 轻 轻 地 降落 在 绿 草 上 。 太阳 在 头顶 闪闪 发 光 。一 只 小 鸟 从 附近 的 树 上 飞 来 。同时 ， 一 只 狗 大 声 嘱 叫 。 叶子 从树 上 掉 下 来 。,‭猫跳过篱笆。 它轻轻地降落在绿草上。 太阳在头顶闪闪发光。 一只小鸟从附近的树上飞来。     同时，一只狗大声吠叫。 叶子从树上掉下来。
Chinese (Simplified),Google Vision,No,98.33,0.27,0,0.27,1.07,3.33,"‭猫跳过篱笆。 它轻轻地降落在绿草上。 太阳在头顶闪闪发光。 一只小鸟从附近的树上飞来。 同时,一只狗大声吠叫。 叶子从树上掉下来。","‭猫跳过篱笆。 它轻轻地降落在绿草上。 太阳在头顶闪闪发光。 一只小鸟从附近的树上飞来。 同时,一只狗大声吠叫。 叶子从树上掉下来。",‭猫跳过篱笆。 它轻轻地降落在绿草上。 太阳在头顶闪闪发光。 一只小鸟从附近的树上飞来。     同时，一只狗大声吠叫。 叶子从树上掉下来。
Czech,Tesseract,No,100,0.5,0,0.5,0.83,4.15,‭Kočka skočila přes plot. Tiše přistál na zelené trávě. Slunce zářilo jasně nad hlavou. Z nedalekého stromu letěl malý pták. Mezitím pes hlasitě štěkal. Listy padly ze stromů.,‭Kočka skočila přes plot. Tiše přistál na zelené trávě. Slunce zářilo jasně nad hlavou. Z nedalekého stromu letěl malý pták. Mezitím pes hlasitě štěkal. Listy padly ze stromů.,‭Kočka skočila přes plot. Tiše přistál na zelené trávě. Slunce zářilo jasně nad hlavou. Z nedalekého stromu letěl malý pták.     Mezitím pes hlasitě štěkal. Listy padly ze stromů.
Czech,Tesseract,Yes,100,0.42,0.01,0.41,0.32,2.13,‭Kočka skočila přes plot. Tiše přistál na zelené trávě. Slunce zářilo jasně nad hlavou. Z nedalekého stromu letěl malý pták. Mezitím pes hlasitě štěkal. Listy padly ze stromů.,‭Kočka skočila přes plot. Tiše přistál na zelené trávě. Slunce zářilo jasně nad hlavou. Z nedalekého stromu letěl malý pták. Mezitím pes hlasitě štěkal. Listy padly ze stromů.,‭Kočka skočila přes plot. Tiše přistál na zelené trávě. Slunce zářilo jasně nad hlavou. Z nedalekého stromu letěl malý pták.     Mezitím pes hlasitě štěkal. Listy padly ze stromů.
Czech,Google Vision,No,100,0.25,0,0.25,1.25,3.55,‭Kočka skočila přes plot. Tiše přistál na zelené trávě. Slunce zářilo jasně nad hlavou. Z nedalekého stromu letěl malý pták. Mezitím pes hlasitě štěkal. Listy padly ze stromů.,‭Kočka skočila přes plot. Tiše přistál na zelené trávě. Slunce zářilo jasně nad hlavou. Z nedalekého stromu letěl malý pták. Mezitím pes hlasitě štěkal. Listy padly ze stromů.,‭Kočka skočila přes plot. Tiše přistál na zelené trávě. Slunce zářilo jasně nad hlavou. Z nedalekého stromu letěl malý pták.     Mezitím pes hlasitě štěkal. Listy padly ze stromů.
Danish,Tesseract,No,100,0.67,0,0.67,0.58,3.33,‭Katten sprang over hegnet. Det landede blidt på det grønne græs. Solen skinnede lyst over hovedet. En lille fugl fløj fra et nærliggende træ. I mellemtiden bjeffede en hund højt. Blade faldt fra træerne.,‭Katten sprang over hegnet. Det landede blidt på det grønne græs. Solen skinnede lyst over hovedet. En lille fugl fløj fra et nærliggende træ. I mellemtiden bjeffede en hund højt. Blade faldt fra træerne.,‭Katten sprang over hegnet. Det landede blidt på det grønne græs. Solen skinnede lyst over hovedet. En lille fugl fløj fra et nærliggende træ.     I mellemtiden bjeffede en hund højt. Blade faldt fra træerne.
Danish,Tesseract,Yes,100,0.56,0.01,0.55,0.42,2.52,‭Katten sprang over hegnet. Det landede blidt på det grønne græs. Solen skinnede lyst over hovedet. En lille fugl fløj fra et nærliggende træ. I mellemtiden bjeffede en hund højt. Blade faldt fra træerne.,‭Katten sprang over hegnet. Det landede blidt på det grønne græs. Solen skinnede lyst over hovedet. En lille fugl fløj fra et nærliggende træ. I mellemtiden bjeffede en hund højt. Blade faldt fra træerne.,‭Katten sprang over hegnet. Det landede blidt på det grønne græs. Solen skinnede lyst over hovedet. En lille fugl fløj fra et nærliggende træ.     I mellemtiden bjeffede en hund højt. Blade faldt fra træerne.
Danish,Google Vision,No,100,0.26,0,0.26,1.09,3.33,‭Katten sprang over hegnet. Det landede blidt på det grønne græs. Solen skinnede lyst over hovedet. En lille fugl fløj fra et nærliggende træ. I mellemtiden bjeffede en hund højt. Blade faldt fra træerne.,‭Katten sprang over hegnet. Det landede blidt på det grønne græs. Solen skinnede lyst over hovedet. En lille fugl fløj fra et nærliggende træ. I mellemtiden bjeffede en hund højt. Blade faldt fra træerne.,‭Katten sprang over hegnet. Det landede blidt på det grønne græs. Solen skinnede lyst over hovedet. En lille fugl fløj fra et nærliggende træ.     I mellemtiden bjeffede en hund højt. Blade faldt fra træerne.
Dutch,Tesseract,No,100,0.59,0,0.59,0.75,4.15,‭De kat sprong over het hek. Het landde zachtjes op het groene gras. De zon scheen helder boven het hoofd. Een kleine vogel vloog uit een boom in de buurt. Ondertussen blafte een hond luid. Bladeren vielen uit de bomen.,‭De kat sprong over het hek. Het landde zachtjes op het groene gras. De zon scheen helder boven het hoofd. Een kleine vogel vloog uit een boom in de buurt. Ondertussen blafte een hond luid. Bladeren vielen uit de bomen.,‭De kat sprong over het hek. Het landde zachtjes op het groene gras. De zon scheen helder boven het hoofd. Een kleine vogel vloog uit een boom in de buurt.     Ondertussen blafte een hond luid. Bladeren vielen uit de bomen.
Dutch,Tesseract,Yes,100,0.48,0.01,0.47,1.41,10.8,‭De kat sprong over het hek. Het landde zachtjes op het groene gras. De zon scheen helder boven het hoofd. Een kleine vogel vloog uit een boom in de buurt. Ondertussen blafte een hond luid. Bladeren vielen uit de bomen.,‭De kat sprong over het hek. Het landde zachtjes op het groene gras. De zon scheen helder boven het hoofd. Een kleine vogel vloog uit een boom in de buurt. Ondertussen blafte een hond luid. Bladeren vielen uit de bomen.,‭De kat sprong over het hek. Het landde zachtjes op het groene gras. De zon scheen helder boven het hoofd. Een kleine vogel vloog uit een boom in de buurt.     Ondertussen blafte een hond luid. Bladeren vielen uit de bomen.
Dutch,Google Vision,No,100,0.26,0,0.26,1.03,3.33,‭De kat sprong over het hek. Het landde zachtjes op het groene gras. De zon scheen helder boven het hoofd. Een kleine vogel vloog uit een boom in de buurt. Ondertussen blafte een hond luid. Bladeren vielen uit de bomen.,‭De kat sprong over het hek. Het landde zachtjes op het groene gras. De zon scheen helder boven het hoofd. Een kleine vogel vloog uit een boom in de buurt. Ondertussen blafte een hond luid. Bladeren vielen uit de bomen.,‭De kat sprong over het hek. Het landde zachtjes op het groene gras. De zon scheen helder boven het hoofd. Een kleine vogel vloog uit een boom in de buurt.     Ondertussen blafte een hond luid. Bladeren vielen uit de bomen.
English,Tesseract,No,100,0.55,0,0.55,0.82,4.15,"‭The cat jumped over the fence. It landed softly on the green grass. The sun was shining brightly overhead. A small bird flew from a nearby tree. Meanwhile, a dog barked loudly. Leaves fell from the trees.","‭The cat jumped over the fence. It landed softly on the green grass. The sun was shining brightly overhead. Asmall bird flew from a nearby tree. Meanwhile, a dog barked loudly. Leaves fell from the trees.","‭The cat jumped over the fence. It landed softly on the green grass. The sun was shining brightly overhead. A small bird flew from a nearby tree.     Meanwhile, a dog barked loudly. Leaves fell from the trees."
English,Tesseract,Yes,100,0.44,0.01,0.43,1.75,14.13,"‭The cat jumped over the fence. It landed softly on the green grass. The sun was shining brightly overhead. A small bird flew from a nearby tree. Meanwhile, a dog barked loudly. Leaves fell from the trees.","‭The cat jumped over the fence. It landed softly on the green grass. The sun was shining brightly overhead. A small bird flew from a nearby tree. Meanwhile, a dog barked loudly. Leaves fell from the trees.","‭The cat jumped over the fence. It landed softly on the green grass. The sun was shining brightly overhead. A small bird flew from a nearby tree.     Meanwhile, a dog barked loudly. Leaves fell from the trees."
English,Google Vision,No,100,0.26,0,0.26,0.97,2.86,"‭The cat jumped over the fence. It landed softly on the green grass. The sun was shining brightly overhead. A small bird flew from a nearby tree. Meanwhile, a dog barked loudly. Leaves fell from the trees.","‭The cat jumped over the fence. It landed softly on the green grass. The sun was shining brightly overhead. A small bird flew from a nearby tree. Meanwhile, a dog barked loudly. Leaves fell from the trees.","‭The cat jumped over the fence. It landed softly on the green grass. The sun was shining brightly overhead. A small bird flew from a nearby tree.     Meanwhile, a dog barked loudly. Leaves fell from the trees."
Filipino,Tesseract,No,100,0.62,0,0.62,0.66,4.15,"‭Tumalon ang pusa sa bakod. Malapit itong lumapag sa berdeng damo. Ang araw ay nagniningning ng maliwanag na overhead. Isang maliit na ibon ang lumipad mula sa isang kalapit na puno. Samantala, ang isang aso ay malakas na barked. Ang mga dahon ay nahulog mula sa mga puno.","‭Tumalon ang pusa sa bakod. Malapit itong lumapag sa berdeng damo. Ang araw ay nagniningning ng maliwanag na overhead. Isang maliit na ibon ang lumipad mula sa isang kalapit na puno. Samantala, ang isang aso ay malakas na barked. Ang mga dahon ay nahulog mula sa mga puno.","‭Tumalon ang pusa sa bakod. Malapit itong lumapag sa berdeng damo. Ang araw ay nagniningning ng maliwanag na overhead. Isang maliit na ibon ang lumipad mula sa isang kalapit na puno.     Samantala, ang isang aso ay malakas na barked. Ang mga dahon ay nahulog mula sa mga puno."
Filipino,Tesseract,Yes,100,0.51,0,0.51,0.36,1.66,"‭Tumalon ang pusa sa bakod. Malapit itong lumapag sa berdeng damo. Ang araw ay nagniningning ng maliwanag na overhead. Isang maliit na ibon ang lumipad mula sa isang kalapit na puno. Samantala, ang isang aso ay malakas na barked. Ang mga dahon ay nahulog mula sa mga puno.","‭Tumalon ang pusa sa bakod. Malapit itong lumapag sa berdeng damo. Ang araw ay nagniningning ng maliwanag na overhead. Isang maliit na ibon ang lumipad mula sa isang kalapit na puno. Samantala, ang isang aso ay malakas na barked. Ang mga dahon ay nahulog mula sa mga puno.","‭Tumalon ang pusa sa bakod. Malapit itong lumapag sa berdeng damo. Ang araw ay nagniningning ng maliwanag na overhead. Isang maliit na ibon ang lumipad mula sa isang kalapit na puno.     Samantala, ang isang aso ay malakas na barked. Ang mga dahon ay nahulog mula sa mga puno."
Filipino,Google Vision,No,100,0.27,0,0.27,1.36,3.55,"‭Tumalon ang pusa sa bakod. Malapit itong lumapag sa berdeng damo. Ang araw ay nagniningning ng maliwanag na overhead. Isang maliit na ibon ang lumipad mula sa isang kalapit na puno. Samantala, ang isang aso ay malakas na barked. Ang mga dahon ay nahulog mula sa mga puno.","‭Tumalon ang pusa sa bakod. Malapit itong lumapag sa berdeng damo. Ang araw ay nagniningning ng maliwanag na overhead. Isang maliit na ibon ang lumipad mula sa isang kalapit na puno. Samantala, ang isang aso ay malakas na barked. Ang mga dahon ay nahulog mula sa mga puno.","‭Tumalon ang pusa sa bakod. Malapit itong lumapag sa berdeng damo. Ang araw ay nagniningning ng maliwanag na overhead. Isang maliit na ibon ang lumipad mula sa isang kalapit na puno.     Samantala, ang isang aso ay malakas na barked. Ang mga dahon ay nahulog mula sa mga puno."
Finnish,Tesseract,No,100,0.62,0,0.62,0.64,4.15,‭Kissa hyppäsi aidan yli. Se laskeutui pehmeästi vihreään ruohoon. Aurinko paistoi kirkkaasti yläpuolella. Pieni lintu lensi läheisestä puusta. Samaan aikaan koira haukkui äänekkäästi. Lehdet putosivat puista.,‭Kissa hyppäsi aidan yli. Se laskeutui pehmeästi vihreään ruohoon. Aurinko paistoi kirkkaasti yläpuolella. Pieni lintu lensi läheisestä puusta. Samaan aikaan koira haukkui äänekkäästi. Lehdet putosivat puista.,‭Kissa hyppäsi aidan yli. Se laskeutui pehmeästi vihreään ruohoon. Aurinko paistoi kirkkaasti yläpuolella. Pieni lintu lensi läheisestä puusta.     Samaan aikaan koira haukkui äänekkäästi. Lehdet putosivat puista.
Finnish,Tesseract,Yes,100,0.51,0.01,0.5,0.36,1.68,‭Kissa hyppäsi aidan yli. Se laskeutui pehmeästi vihreään ruohoon. Aurinko paistoi kirkkaasti yläpuolella. Pieni lintu lensi läheisestä puusta. Samaan aikaan koira haukkui äänekkäästi. Lehdet putosivat puista.,‭Kissa hyppäsi aidan yli. Se laskeutui pehmeästi vihreään ruohoon. Aurinko paistoi kirkkaasti yläpuolella. Pieni lintu lensi läheisestä puusta. Samaan aikaan koira haukkui äänekkäästi. Lehdet putosivat puista.,‭Kissa hyppäsi aidan yli. Se laskeutui pehmeästi vihreään ruohoon. Aurinko paistoi kirkkaasti yläpuolella. Pieni lintu lensi läheisestä puusta.     Samaan aikaan koira haukkui äänekkäästi. Lehdet putosivat puista.
Finnish,Google Vision,No,100,0.25,0,0.25,1.02,2.15,‭Kissa hyppäsi aidan yli. Se laskeutui pehmeästi vihreään ruohoon. Aurinko paistoi kirkkaasti yläpuolella. Pieni lintu lensi läheisestä puusta. Samaan aikaan koira haukkui äänekkäästi. Lehdet putosivat puista.,‭Kissa hyppäsi aidan yli. Se laskeutui pehmeästi vihreään ruohoon. Aurinko paistoi kirkkaasti yläpuolella. Pieni lintu lensi läheisestä puusta. Samaan aikaan koira haukkui äänekkäästi. Lehdet putosivat puista.,‭Kissa hyppäsi aidan yli. Se laskeutui pehmeästi vihreään ruohoon. Aurinko paistoi kirkkaasti yläpuolella. Pieni lintu lensi läheisestä puusta.     Samaan aikaan koira haukkui äänekkäästi. Lehdet putosivat puista.
French,Tesseract,No,100,0.57,0,0.57,0.7,4.2,"‭Le chat a sauté par-dessus la clôture. Il a atterri doucement sur l'herbe verte. Le soleil brillait au-dessus de la tête. Un petit oiseau a volé d'un arbre voisin. Pendant ce temps, un chien aboya fort. Les feuilles sont tombées des arbres.","‭Le chat a sauté par-dessus la clôture. Il a atterri doucement sur l'herbe verte. Le soleil brillait au-dessus de la tête. Un petit oiseau a volé d'un arbre voisin. Pendant ce temps, un chien aboya fort. Les feuilles sont tombées des arbres.","‭Le chat a sauté par-dessus la clôture. Il a atterri doucement sur l'herbe verte. Le soleil brillait au-dessus de la tête. Un petit oiseau a volé d'un arbre voisin.     Pendant ce temps, un chien aboya fort. Les feuilles sont tombées des arbres."
French,Tesseract,Yes,100,0.45,0.01,0.45,1.15,9.97,"‭Le chat a sauté par-dessus la clôture. Il a atterri doucement sur l'herbe verte. Le soleil brillait au-dessus de la tête. Un petit oiseau a volé d'un arbre voisin. Pendant ce temps, un chien aboya fort. Les feuilles sont tombées des arbres.","‭Le chat a sauté par-dessus la clôture. Il a atterri doucement sur l'herbe verte. Le soleil brillait au-dessus de la tête. Un petit oiseau a volé d'un arbre voisin. Pendant ce temps, un chien aboya fort. Les feuilles sont tombées des arbres.","‭Le chat a sauté par-dessus la clôture. Il a atterri doucement sur l'herbe verte. Le soleil brillait au-dessus de la tête. Un petit oiseau a volé d'un arbre voisin.     Pendant ce temps, un chien aboya fort. Les feuilles sont tombées des arbres."
French,Google Vision,No,100,0.26,0,0.26,1.13,3.58,"‭Le chat a sauté par-dessus la clôture. Il a atterri doucement sur l'herbe verte. Le soleil brillait au-dessus de la tête. Un petit oiseau a volé d'un arbre voisin. Pendant ce temps, un chien aboya fort. Les feuilles sont tombées des arbres.","‭Le chat a sauté par-dessus la clôture. Il a atterri doucement sur l'herbe verte. Le soleil brillait au-dessus de la tête. Un petit oiseau a volé d'un arbre voisin. Pendant ce temps, un chien aboya fort. Les feuilles sont tombées des arbres.","‭Le chat a sauté par-dessus la clôture. Il a atterri doucement sur l'herbe verte. Le soleil brillait au-dessus de la tête. Un petit oiseau a volé d'un arbre voisin.     Pendant ce temps, un chien aboya fort. Les feuilles sont tombées des arbres."
German,Tesseract,No,100,0.6,0,0.6,0.7,4.3,‭Die Katze sprang über den Zaun. Es landete leise auf dem grünen Gras. Die Sonne schien hell über Kopf. Ein kleiner Vogel flog von einem nahe gelegenen Baum. Inzwischen bellte ein Hund laut. Blätter fielen von den Bäumen.,‭Die Katze sprang über den Zaun. Es landete leise auf dem grünen Gras. Die Sonne schien hell über Kopf. Ein kleiner Vogel flog von einem nahe gelegenen Baum. Inzwischen bellte ein Hund laut. Blätter fielen von den Bäumen.,‭Die Katze sprang über den Zaun. Es landete leise auf dem grünen Gras. Die Sonne schien hell über Kopf. Ein kleiner Vogel flog von einem nahe gelegenen Baum.     Inzwischen bellte ein Hund laut. Blätter fielen von den Bäumen.
German,Tesseract,Yes,100,0.49,0.01,0.48,0.46,2.5,‭Die Katze sprang über den Zaun. Es landete leise auf dem grünen Gras. Die Sonne schien hell über Kopf. Ein kleiner Vogel flog von einem nahe gelegenen Baum. Inzwischen bellte ein Hund laut. Blätter fielen von den Bäumen.,‭Die Katze sprang über den Zaun. Es landete leise auf dem grünen Gras. Die Sonne schien hell über Kopf. Ein kleiner Vogel flog von einem nahe gelegenen Baum. Inzwischen bellte ein Hund laut. Blätter fielen von den Bäumen.,‭Die Katze sprang über den Zaun. Es landete leise auf dem grünen Gras. Die Sonne schien hell über Kopf. Ein kleiner Vogel flog von einem nahe gelegenen Baum.     Inzwischen bellte ein Hund laut. Blätter fielen von den Bäumen.
German,Google Vision,No,100,0.26,0,0.26,1.2,3.36,‭Die Katze sprang über den Zaun. Es landete leise auf dem grünen Gras. Die Sonne schien hell über Kopf. Ein kleiner Vogel flog von einem nahe gelegenen Baum. Inzwischen bellte ein Hund laut. Blätter fielen von den Bäumen.,‭Die Katze sprang über den Zaun. Es landete leise auf dem grünen Gras. Die Sonne schien hell über Kopf. Ein kleiner Vogel flog von einem nahe gelegenen Baum. Inzwischen bellte ein Hund laut. Blätter fielen von den Bäumen.,‭Die Katze sprang über den Zaun. Es landete leise auf dem grünen Gras. Die Sonne schien hell über Kopf. Ein kleiner Vogel flog von einem nahe gelegenen Baum.     Inzwischen bellte ein Hund laut. Blätter fielen von den Bäumen.
Greek,Tesseract,No,99.74,0.52,0,0.52,0.64,4.15,"‭Η γάτα πήδηξε πάνω από το φράχτη. Προσγειώθηκε απαλά στο πράσινο γρασίδι. Ο ήλιος λάμπει έντονα πάνω από το κεφάλι. Ένα μικρό πουλί πέταξε από ένα κοντινό δέντρο. Εν τω μεταξύ, ένα σκυλί φώναξε δυνατά. Τα Φύλλα έπεσαν από τα δέντρα.","‭Η γάτα πήδηξε πάνω από το φράχτη. Προσγειώθηκε απαλά στο πράσινο γρασίδι. Ο ήλιος λάμπει έντονα πάνω από το κεφάλι. Ένα μικρό πουλί πέταξε από ένα κοντινό δέντρο. Εν τω μεταξύ, ένα σκυλί φώναξε δυνατά. Τα φύλλα έπεσαν από τα δέντρα.","‭Η γάτα πήδηξε πάνω από το φράχτη. Προσγειώθηκε απαλά στο πράσινο γρασίδι. Ο ήλιος λάμπει έντονα πάνω από το κεφάλι. Ένα μικρό πουλί πέταξε από ένα κοντινό δέντρο.     Εν τω μεταξύ, ένα σκυλί φώναξε δυνατά. Τα φύλλα έπεσαν από τα δέντρα."
Greek,Tesseract,Yes,100,0.79,0.38,0.4,24.69,64,"‭Η γάτα πήδηξε πάνω από το φράχτη. Προσγειώθηκε απαλά στο πράσινο γρασίδι. Ο ήλιος λάμπει έντονα πάνω από το κεφάλι. Ένα μικρό πουλί πέταξε από ένα κοντινό δέντρο. Εν τω μεταξύ, ένα σκυλί φώναξε δυνατά. Τα φύλλα έπεσαν από τα δέντρα.","‭Η γάτα πήδηξε πάνω από το φράχτη. Προσγειώθηκε απαλά στο πράσινο γρασίδι. Ο ήλιος λάμπει έντονα πάνω από το κεφάλι. Ένα μικρό πουλί πέταξε από ένα κοντινό δέντρο. Εν τω μεταξύ, ένα σκυλί φώναξε δυνατά. Τα φύλλα έπεσαν από τα δέντρα.","‭Η γάτα πήδηξε πάνω από το φράχτη. Προσγειώθηκε απαλά στο πράσινο γρασίδι. Ο ήλιος λάμπει έντονα πάνω από το κεφάλι. Ένα μικρό πουλί πέταξε από ένα κοντινό δέντρο.     Εν τω μεταξύ, ένα σκυλί φώναξε δυνατά. Τα φύλλα έπεσαν από τα δέντρα."
Greek,Google Vision,No,100,0.25,0,0.25,1.11,3.36,"‭Η γάτα πήδηξε πάνω από το φράχτη. Προσγειώθηκε απαλά στο πράσινο γρασίδι. Ο ήλιος λάμπει έντονα πάνω από το κεφάλι. Ένα μικρό πουλί πέταξε από ένα κοντινό δέντρο. Εν τω μεταξύ, ένα σκυλί φώναξε δυνατά. Τα φύλλα έπεσαν από τα δέντρα.","‭Η γάτα πήδηξε πάνω από το φράχτη. Προσγειώθηκε απαλά στο πράσινο γρασίδι. Ο ήλιος λάμπει έντονα πάνω από το κεφάλι. Ένα μικρό πουλί πέταξε από ένα κοντινό δέντρο. Εν τω μεταξύ, ένα σκυλί φώναξε δυνατά. Τα φύλλα έπεσαν από τα δέντρα.","‭Η γάτα πήδηξε πάνω από το φράχτη. Προσγειώθηκε απαλά στο πράσινο γρασίδι. Ο ήλιος λάμπει έντονα πάνω από το κεφάλι. Ένα μικρό πουλί πέταξε από ένα κοντινό δέντρο.     Εν τω μεταξύ, ένα σκυλί φώναξε δυνατά. Τα φύλλα έπεσαν από τα δέντρα."
Hebrew,Tesseract,No,100,0.37,0,0.37,0.97,4.2,"‭‭החתול קפץ מעל הגדר. זה נחת ברכות על הדשא הירוק. השמש זרחה מעל תקורה בהירה. ציפור קטנה עפה מעץ סמוך. בינתיים, כלב נבח בקול רם. עלים נפלו מהעצים.","‭‭החתול קפץ מעל הגדר. זה נחת ברכות על הדשא הירוק. השמש זרחה מעל תקורה בהירה. ציפור קטנה עפה מעץ סמוך. בינתיים, כלב נבח בקול רם. עלים נפלו מהעצים.","‭‭החתול קפץ מעל הגדר. זה נחת ברכות על הדשא הירוק. השמש זרחה מעל תקורה בהירה. ציפור קטנה עפה מעץ סמוך.     בינתיים, כלב נבח בקול רם. עלים נפלו מהעצים."
Hebrew,Tesseract,Yes,100,0.27,0.01,0.27,0.48,1.44,"‭‭החתול קפץ מעל הגדר. זה נחת ברכות על הדשא הירוק. השמש זרחה מעל תקורה בהירה. ציפור קטנה עפה מעץ סמוך. בינתיים, כלב נבח בקול רם. עלים נפלו מהעצים.","‭‭החתול קפץ מעל הגדר. זה נחת ברכות על הדשא הירוק. השמש זרחה מעל תקורה בהירה. ציפור קטנה עפה מעץ סמוך. בינתיים, כלב נבח בקול רם. עלים נפלו מהעצים.","‭‭החתול קפץ מעל הגדר. זה נחת ברכות על הדשא הירוק. השמש זרחה מעל תקורה בהירה. ציפור קטנה עפה מעץ סמוך.     בינתיים, כלב נבח בקול רם. עלים נפלו מהעצים."
Hebrew,Google Vision,No,100,0.25,0,0.25,1.09,3.33,"‭‭החתול קפץ מעל הגדר. זה נחת ברכות על הדשא הירוק. השמש זרחה מעל תקורה בהירה. ציפור קטנה עפה מעץ סמוך. בינתיים, כלב נבח בקול רם. עלים נפלו מהעצים.","‭‭החתול קפץ מעל הגדר. זה נחת ברכות על הדשא הירוק. השמש זרחה מעל תקורה בהירה. ציפור קטנה עפה מעץ סמוך. בינתיים, כלב נבח בקול רם. עלים נפלו מהעצים.","‭‭החתול קפץ מעל הגדר. זה נחת ברכות על הדשא הירוק. השמש זרחה מעל תקורה בהירה. ציפור קטנה עפה מעץ סמוך.     בינתיים, כלב נבח בקול רם. עלים נפלו מהעצים."
Hindi,Tesseract,No,93.01,0.58,0,0.58,0.68,3.55,"‭बलिली बाड़ पर कूद गई। यह हरी घास पर धीरे से उतरा। सूरज उजूजवल र्‌प से चमकता हुआ था। एक छोटा पक्षी पास के एक पेड़ से उड़ गया। इस बीच, एक कूतूता जोर से भौंक गया। पेड़ों से पत्ते गरि गए।","‭बलिली बाड़ पर कूद गई। यह हरी घास पर धीरे से उतरा। सूरज उजूजवल र्‌प से चमकता हुआ था। एक छोटा पक्षी पास के एक पेड़ से उड़ गया। इस बीच, एक कूतूता जोर से भौंक गया। पेड़ों से पत्ते गरि गए।","‭बिल्ली बाड़ पर कूद गई। यह हरी घास पर धीरे से उतरा। सूरज उज्ज्वल रूप से चमकता हुआ था। एक छोटा पक्षी पास के एक पेड़ से उड़ गया।     इस बीच, एक कुत्ता जोर से भौंक गया। पेड़ों से पत्ते गिर गए।"
Hindi,Tesseract,Yes,94.06,0.46,0.01,0.45,1.57,13.3,"‭बलिली बाड़ पर कूद गई। यह हरी घास पर धीरे से उतरा। सूरज उजूजवल रूप से चमकता हुआ था। एक छोटा पक्षी पास के एक पेड़ से उड़ गया। इस बीच, एक कूतूता जोर से भौंक गया। पेड़ों से पत्‌ते गरि गए।","‭बलिली बाड़ पर कूद गई। यह हरी घास पर धीरे से उतरा। सूरज उज्‌जवल रूप से चमकता हुआ था। एक छोटा पक्षी पास के एक पेड़ से उड़ गया। इस बीच, एक कूतूता जोर से भौंक गया। पेड़ों से पत्ते गरि गए।","‭बिल्ली बाड़ पर कूद गई। यह हरी घास पर धीरे से उतरा। सूरज उज्ज्वल रूप से चमकता हुआ था। एक छोटा पक्षी पास के एक पेड़ से उड़ गया।     इस बीच, एक कुत्ता जोर से भौंक गया। पेड़ों से पत्ते गिर गए।"
Hindi,Google Vision,No,97.21,0.27,0,0.27,1.17,3.33,"‭बल्ली बाड़ पर कूद गई। यह हरी घास पर धीरे से उतरा। से सूरज उज्ज्वल रूप से चमकता हुआ था। एक छोटा पक्षी पास के एक पेड़ से उड़ गया। इस बीच, एक कुत्ता जोर से भौंक गया। पेड़ों से पत्ते गरि गए।","‭बल्ली बाड़ पर कूद गई। यह हरी घास पर धीरे से उतरा। सूरज उज्ज्वल रूप से चमकता हुआ था। एक छोटा पक्षी पास के एक पेड़ से उड़ गया। इस बीच, एक कुत्ता जोर से भौंक गया। पेड़ों से पत्ते गरि गए।","‭बिल्ली बाड़ पर कूद गई। यह हरी घास पर धीरे से उतरा। सूरज उज्ज्वल रूप से चमकता हुआ था। एक छोटा पक्षी पास के एक पेड़ से उड़ गया।     इस बीच, एक कुत्ता जोर से भौंक गया। पेड़ों से पत्ते गिर गए।"
Hungarian,Tesseract,No,100,0.64,0,0.64,0.65,4.2,‭A macska átugrott a kerítésen. Halkan landolt a zöld fűre. A nap fényesen sütött. Egy kis madár repült egy közeli fáról. Eközben egy kutya hangosan ugatott. A levelek a fákból estek le.,‭A macska átugrott a kerítésen. Halkan landolt a zöld fűre. A nap fényesen sütött. Egy kis madár repült egy közeli fáról. Eközben egy kutya hangosan ugatott. A levelek a fákból estek le.,‭A macska átugrott a kerítésen. Halkan landolt a zöld fűre. A nap fényesen sütött. Egy kis madár repült egy közeli fáról.     Eközben egy kutya hangosan ugatott. A levelek a fákból estek le.
Hungarian,Tesseract,Yes,100,0.53,0.01,0.53,0.34,1.44,‭A macska átugrott a kerítésen. Halkan landolt a zöld fűre. A nap fényesen sütött. Egy kis madár repült egy közeli fáról. Eközben egy kutya hangosan ugatott. A levelek a fákból estek le.,‭A macska átugrott a kerítésen. Halkan landolt a zöld fűre. A nap fényesen sütött. Egy kis madár repült egy közeli fáról. Eközben egy kutya hangosan ugatott. A levelek a fákból estek le.,‭A macska átugrott a kerítésen. Halkan landolt a zöld fűre. A nap fényesen sütött. Egy kis madár repült egy közeli fáról.     Eközben egy kutya hangosan ugatott. A levelek a fákból estek le.
Hungarian,Google Vision,No,100,0.25,0,0.25,1.24,3.33,‭A macska átugrott a kerítésen. Halkan landolt a zöld fűre. A nap fényesen sütött. Egy kis madár repült egy közeli fáról. Eközben egy kutya hangosan ugatott. A levelek a fákból estek le.,‭A macska átugrott a kerítésen. Halkan landolt a zöld fűre. A nap fényesen sütött. Egy kis madár repült egy közeli fáról. Eközben egy kutya hangosan ugatott. A levelek a fákból estek le.,‭A macska átugrott a kerítésen. Halkan landolt a zöld fűre. A nap fényesen sütött. Egy kis madár repült egy közeli fáról.     Eközben egy kutya hangosan ugatott. A levelek a fákból estek le.
Indonesian,Tesseract,No,100,0.58,0,0.58,0.56,2.86,"‭Kucing itu melompati pagar. Itu mendarat dengan lembut di rumput hijau. Matahari bersinar di atas kepala. Seekor burung kecil terbang dari pohon terdekat. Sementara itu, seekor anjing menggonggong dengan keras. Daun jatuh dari pepohonan.","‭Kucing itu melompati pagar. Itu mendarat dengan lembut di rumput hijau. Matahari bersinar di atas kepala. Seekor burung kecil terbang dari pohon terdekat. Sementara itu, seekor anjing menggonggong dengan keras. Daun jatuh dari pepohonan.","‭Kucing itu melompati pagar. Itu mendarat dengan lembut di rumput hijau. Matahari bersinar di atas kepala. Seekor burung kecil terbang dari pohon terdekat.     Sementara itu, seekor anjing menggonggong dengan keras. Daun jatuh dari pepohonan."
Indonesian,Tesseract,Yes,100,0.47,0.01,0.46,0.45,1.66,"‭Kucing itu melompati pagar. Itu mendarat dengan lembut di rumput hijau. Matahari bersinar di atas kepala. Seekor burung kecil terbang dari pohon terdekat. Sementara itu, seekor anjing menggonggong dengan keras. Daun jatuh dari pepohonan.","‭Kucing itu melompati pagar. Itu mendarat dengan lembut di rumput hijau. Matahari bersinar di atas kepala. Seekor burung kecil terbang dari pohon terdekat. Sementara itu, seekor anjing menggonggong dengan keras. Daun jatuh dari pepohonan.","‭Kucing itu melompati pagar. Itu mendarat dengan lembut di rumput hijau. Matahari bersinar di atas kepala. Seekor burung kecil terbang dari pohon terdekat.     Sementara itu, seekor anjing menggonggong dengan keras. Daun jatuh dari pepohonan."
Indonesian,Google Vision,No,100,0.25,0,0.25,1.5,4.15,"‭Kucing itu melompati pagar. Itu mendarat dengan lembut di rumput hijau. Matahari bersinar di atas kepala. Seekor burung kecil terbang dari pohon terdekat. Sementara itu, seekor anjing menggonggong dengan keras. Daun jatuh dari pepohonan.","‭Kucing itu melompati pagar. Itu mendarat dengan lembut di rumput hijau. Matahari bersinar di atas kepala. Seekor burung kecil terbang dari pohon terdekat. Sementara itu, seekor anjing menggonggong dengan keras. Daun jatuh dari pepohonan.","‭Kucing itu melompati pagar. Itu mendarat dengan lembut di rumput hijau. Matahari bersinar di atas kepala. Seekor burung kecil terbang dari pohon terdekat.     Sementara itu, seekor anjing menggonggong dengan keras. Daun jatuh dari pepohonan."
Italian,Tesseract,No,100,0.62,0,0.62,0.58,4.15,"‭Il gatto saltò oltre il recinto. Atterrava dolcemente sull'erba verde. Il sole splendeva brillantemente sopra la testa. Un uccellino volava da un albero vicino. Nel frattempo, un cane abbaiava ad alta voce. Le foglie cadevano dagli alberi.","‭Il gatto saltò oltre il recinto. Atterrava dolcemente sull'erba verde. Il sole splendeva brillantemente sopra la testa. Un uccellino volava da un albero vicino. Nel frattempo, un cane abbaiava ad alta voce. Le foglie cadevano dagli alberi.","‭Il gatto saltò oltre il recinto. Atterrava dolcemente sull'erba verde. Il sole splendeva brillantemente sopra la testa. Un uccellino volava da un albero vicino.     Nel frattempo, un cane abbaiava ad alta voce. Le foglie cadevano dagli alberi."
Italian,Tesseract,Yes,100,0.49,0.01,0.48,0.31,1.66,"‭Il gatto saltò oltre il recinto. Atterrava dolcemente sull'erba verde. Il sole splendeva brillantemente sopra la testa. Un uccellino volava da un albero vicino. Nel frattempo, un cane abbaiava ad alta voce. Le foglie cadevano dagli alberi.","‭Il gatto saltò oltre il recinto. Atterrava dolcemente sull'erba verde. Il sole splendeva brillantemente sopra la testa. Un uccellino volava da un albero vicino. Nel frattempo, un cane abbaiava ad alta voce. Le foglie cadevano dagli alberi.","‭Il gatto saltò oltre il recinto. Atterrava dolcemente sull'erba verde. Il sole splendeva brillantemente sopra la testa. Un uccellino volava da un albero vicino.     Nel frattempo, un cane abbaiava ad alta voce. Le foglie cadevano dagli alberi."
Italian,Google Vision,No,100,0.28,0,0.28,1.8,4.99,"‭Il gatto saltò oltre il recinto. Atterrava dolcemente sull'erba verde. Il sole splendeva brillantemente sopra la testa. Un uccellino volava da un albero vicino. Nel frattempo, un cane abbaiava ad alta voce. Le foglie cadevano dagli alberi.","‭Il gatto saltò oltre il recinto. Atterrava dolcemente sull'erba verde. Il sole splendeva brillantemente sopra la testa. Un uccellino volava da un albero vicino. Nel frattempo, un cane abbaiava ad alta voce. Le foglie cadevano dagli alberi.","‭Il gatto saltò oltre il recinto. Atterrava dolcemente sull'erba verde. Il sole splendeva brillantemente sopra la testa. Un uccellino volava da un albero vicino.     Nel frattempo, un cane abbaiava ad alta voce. Le foglie cadevano dagli alberi."
Japanese,Tesseract,No,98.92,0.78,0,0.78,0.5,3.58,‭狙 は フェ ンス を 飛び 越え まし た 。 それ は 緑 の 草 の 上 に そっ と 着地 し まし た 。 太陽 は 明る く 頭 上 に 輝い て いま し た 。 近く の 木 か ら 小さ な 鳥 が 飛ん だ 。 一 方 、 犬 は 大 声 で bar え まし た 。 葉 は 木 か ら 落ち まし た 。,‭狙 は フェ ンス を 飛び 越え まし た 。 それ は 緑 の 草 の 上 に そっ と 着地 し まし た 。 太陽 は 明る く 頭 上 に 輝い て いま し た 。 近く の 木 か ら 小さ な 鳥 が 飛ん だ 。 一 方 、 犬 は 大 声 で bar え まし た 。 葉 は 木 か ら 落ち まし た 。,‭猫はフェンスを飛び越えました。 それは緑の草の上にそっと着地しました。 太陽は明るく頭上に輝いていました。 近くの木から小さな鳥が飛んだ。     一方、犬は大声でbarえました。 葉は木から落ちました。
Japanese,Tesseract,Yes,100,0.65,0.01,0.64,0.38,2.13,‭猫 は フェ ンス を 飛び 越え まし た 。 それ は 緑 の 草 の 上 に そっ と 着地 し まし た 。 太陽 は 明る く 頭 上 に 輝い て いま し た 。 近く の 木 か ら 小さ な 鳥 が 飛ん だ 。 一 方 、 犬 は 大 声 で bar え まし た 。 葉 は 木 か ら 落ち まし た 。,‭猫 は フェ ンス を 飛び 越え まし た 。 それ は 緑 の 草 の 上 に そっ と 着地 し まし た 。 太陽 は 明る く 頭 上 に 輝い て いま し た 。 近く の 木 か ら 小さ な 鳥 が 飛ん だ 。 一 方 、 犬 は 大 声 で bar え まし た 。 葉 は 木 か ら 落ち まし た 。,‭猫はフェンスを飛び越えました。 それは緑の草の上にそっと着地しました。 太陽は明るく頭上に輝いていました。 近くの木から小さな鳥が飛んだ。     一方、犬は大声でbarえました。 葉は木から落ちました。
Japanese,Google Vision,No,100,0.26,0,0.26,1.12,3.36,‭猫はフェンスを飛び越えました。 それは緑の草の上にそっと着地しました。 太陽は明るく頭上に輝いていました。 近くの木から小さな鳥が飛んだ。 一方、犬は大声でbarえました。 葉は木から落ちました。,‭猫はフェンスを飛び越えました。 それは緑の草の上にそっと着地しました。 太陽は明るく頭上に輝いていました。 近くの木から小さな鳥が飛んだ。 一方、犬は大声でbarえました。 葉は木から落ちました。,‭猫はフェンスを飛び越えました。 それは緑の草の上にそっと着地しました。 太陽は明るく頭上に輝いていました。 近くの木から小さな鳥が飛んだ。     一方、犬は大声でbarえました。 葉は木から落ちました。
Korean,Tesseract,No,61.41,0.57,0,0.57,0.85,5.04,‭울타리 위로 뛰어 들었다. 고 양 이 는 에 저 그 태 양 이 밝게 오버 헤 드 를 비 추 고 있었습니다. 작은 새 가 근처 나 무 에서 날아 갔다. 잎 은 나 무 에서 떨 어 졌 다.,‭울타리 위로 뛰어 들었다. 고 양 이 는 이 때 그 태 양 이 밝게 오버 헤 드 를 비 추 고 있었습니다. 작은 새 가 근처 나 무 에서 날아 갔다. 잎 은 나 무 에서 떨 어 졌 다.,"‭고양이는 울타리 위로 뛰어 들었다. 그것은 푸른 잔디에 부드럽게 착륙했습니다. 태양이 밝게 오버 헤드를 비추고있었습니다. 작은 새가 근처 나무에서 날아 갔다.     한편, 개가 큰 소리로 짖었다. 잎은 나무에서 떨어졌다."
Korean,Tesseract,Yes,90.69,0.56,0.01,0.55,0.26,1.66,"‭고 양 이 는 울타리 위로 뛰어 들었다. 그것은 푸른 잔 디 에 부드럽게 착 륙 했습니다. 태 양 이 밝게 오버 헤 드 를 비 추 고 있었습니다. 작은 새 가 근처 나 무 에서 날아 갔다. 한편, 개가 큰 소 리 로 었 다. 잎 은 나 무 에서 떨 어 졌 다.","‭크 고 양 이 는 울타리 위로 뛰어 들었다. 르 잔 디 에 부드럽게 착 륙 했습니다. 0 빈 [10 껴 태 양 이 밝게 오버 헤 드 를 비 추 고 있었습니다. 작은 새 가 근처 나 무 에서 날아 갔다. [와 편 , 개가 큰 소 리 로 었 다. 느 3 잎 은 나 무 에서 떨 어 졌 다.","‭고양이는 울타리 위로 뛰어 들었다. 그것은 푸른 잔디에 부드럽게 착륙했습니다. 태양이 밝게 오버 헤드를 비추고있었습니다. 작은 새가 근처 나무에서 날아 갔다.     한편, 개가 큰 소리로 짖었다. 잎은 나무에서 떨어졌다."
Korean,Google Vision,No,100,0.26,0,0.26,1.11,3.33,"‭고양이는 울타리 위로 뛰어 들었다. 그것은 푸른 잔디에 부드럽게 착륙했습니다. 태양이 밝게 오버 헤드를 비추고있었습니다. 작은 새가 근처 나무에서 날아 갔다. 한편, 개가 큰 소리로 짖었다. 잎은 나무에서 떨어졌다.","‭고양이는 울타리 위로 뛰어 들었다. 그것은 푸른 잔디에 부드럽게 착륙했습니다. 태양이 밝게 오버 헤드를 비추고있었습니다. 작은 새가 근처 나무에서 날아 갔다. 한편, 개가 큰 소리로 짖었다. 잎은 나무에서 떨어졌다.","‭고양이는 울타리 위로 뛰어 들었다. 그것은 푸른 잔디에 부드럽게 착륙했습니다. 태양이 밝게 오버 헤드를 비추고있었습니다. 작은 새가 근처 나무에서 날아 갔다.     한편, 개가 큰 소리로 짖었다. 잎은 나무에서 떨어졌다."
Malay,Tesseract,No,100,0.85,0,0.85,0.42,3.55,"‭Kucing melompat ke atas pagar. Ia mendarat dengan lembut di rumput hijau. Matahari bersinar di atas kepala. Burung kecil terbang dari pokok berdekatan. Sementara itu, seekor anjing menyalak dengan kuat. Daun jatuh dari pokok.","‭Kucing melompat ke atas pagar. Ia mendarat dengan lembut di rumput hijau. Matahari bersinar di atas kepala. Burung kecil terbang dari pokok berdekatan. Sementara itu, seekor anjing menyalak dengan kuat. Daun jatuh dari pokok.","‭Kucing melompat ke atas pagar. Ia mendarat dengan lembut di rumput hijau. Matahari bersinar di atas kepala. Burung kecil terbang dari pokok berdekatan.     Sementara itu, seekor anjing menyalak dengan kuat. Daun jatuh dari pokok."
Malay,Tesseract,Yes,100,0.75,0,0.75,0.55,5.82,"‭Kucing melompat ke atas pagar. Ia mendarat dengan lembut di rumput hijau. Matahari bersinar di atas kepala. Burung kecil terbang dari pokok berdekatan. Sementara itu, seekor anjing menyalak dengan kuat. Daun jatuh dari pokok.","‭Kucing melompat ke atas pagar. Ia mendarat dengan lembut di rumput hijau. Matahari bersinar di atas kepala. Burung kecil terbang dari pokok berdekatan. Sementara itu, seekor anjing menyalak dengan kuat. Daun jatuh dari pokok.","‭Kucing melompat ke atas pagar. Ia mendarat dengan lembut di rumput hijau. Matahari bersinar di atas kepala. Burung kecil terbang dari pokok berdekatan.     Sementara itu, seekor anjing menyalak dengan kuat. Daun jatuh dari pokok."
Malay,Google Vision,No,100,0.26,0,0.26,1.09,2.86,"‭Kucing melompat ke atas pagar. Ia mendarat dengan lembut di rumput hijau. Matahari bersinar di atas kepala. Burung kecil terbang dari pokok berdekatan. Sementara itu, seekor anjing menyalak dengan kuat. Daun jatuh dari pokok.","‭Kucing melompat ke atas pagar. Ia mendarat dengan lembut di rumput hijau. Matahari bersinar di atas kepala. Burung kecil terbang dari pokok berdekatan. Sementara itu, seekor anjing menyalak dengan kuat. Daun jatuh dari pokok.","‭Kucing melompat ke atas pagar. Ia mendarat dengan lembut di rumput hijau. Matahari bersinar di atas kepala. Burung kecil terbang dari pokok berdekatan.     Sementara itu, seekor anjing menyalak dengan kuat. Daun jatuh dari pokok."
Norwegian,Tesseract,No,100,0.62,0,0.62,0.53,3.58,‭Katten hoppet over gjerdet. Den landet mykt på det grønne gresset. Solen skinte sterkt over hodet. En liten fugl fløy fra et nærliggende tre. I mellomtiden bjeffet en hund høyt. Bladene falt fra trærne.,‭Katten hoppet over gjerdet. Den landet mykt på det grønne gresset. Solen skinte sterkt over hodet. En liten fugl fløy fra et nærliggende tre. I mellomtiden bjeffet en hund høyt. Bladene falt fra trærne.,‭Katten hoppet over gjerdet. Den landet mykt på det grønne gresset. Solen skinte sterkt over hodet. En liten fugl fløy fra et nærliggende tre.     I mellomtiden bjeffet en hund høyt. Bladene falt fra trærne.
Norwegian,Tesseract,Yes,100,0.52,0.01,0.51,0.36,2.52,‭Katten hoppet over gjerdet. Den landet mykt på det grønne gresset. Solen skinte sterkt over hodet. En liten fugl fløy fra et nærliggende tre. I mellomtiden bjeffet en hund høyt. Bladene falt fra trærne.,‭Katten hoppet over gjerdet. Den landet mykt på det grønne gresset. Solen skinte sterkt over hodet. En liten fugl fløy fra et nærliggende tre. I mellomtiden bjeffet en hund høyt. Bladene falt fra trærne.,‭Katten hoppet over gjerdet. Den landet mykt på det grønne gresset. Solen skinte sterkt over hodet. En liten fugl fløy fra et nærliggende tre.     I mellomtiden bjeffet en hund høyt. Bladene falt fra trærne.
Norwegian,Google Vision,No,100,0.27,0,0.27,1.22,3.55,‭Katten hoppet over gjerdet. Den landet mykt på det grønne gresset. Solen skinte sterkt over hodet. En liten fugl fløy fra et nærliggende tre. I mellomtiden bjeffet en hund høyt. Bladene falt fra trærne.,‭Katten hoppet over gjerdet. Den landet mykt på det grønne gresset. Solen skinte sterkt over hodet. En liten fugl fløy fra et nærliggende tre. I mellomtiden bjeffet en hund høyt. Bladene falt fra trærne.,‭Katten hoppet over gjerdet. Den landet mykt på det grønne gresset. Solen skinte sterkt over hodet. En liten fugl fløy fra et nærliggende tre.     I mellomtiden bjeffet en hund høyt. Bladene falt fra trærne.
Polish,Tesseract,No,100,0.56,0,0.56,0.66,3.55,‭Kot przeskoczył przez ogrodzenie. Wylądował cicho na zielonej trawie. Słońce świeciło jasno nad głową. Mały ptak leciał z pobliskiego drzewa. Tymczasem pies szczekał głośno. Liście spadły z drzew.,‭Kot przeskoczył przez ogrodzenie. Wylądował cicho na zielonej trawie. Słońce świeciło jasno nad głową. Mały ptak leciał z pobliskiego drzewa. Tymczasem pies szczekał głośno. Liście spadły z drzew.,‭Kot przeskoczył przez ogrodzenie. Wylądował cicho na zielonej trawie. Słońce świeciło jasno nad głową. Mały ptak leciał z pobliskiego drzewa.     Tymczasem pies szczekał głośno. Liście spadły z drzew.
Polish,Tesseract,Yes,100,0.44,0,0.44,0.33,1.42,‭Kot przeskoczył przez ogrodzenie. Wylądował cicho na zielonej trawie. Słońce świeciło jasno nad głową. Mały ptak leciał z pobliskiego drzewa. Tymczasem pies szczekał głośno. Liście spadły z drzew.,‭Kot przeskoczył przez ogrodzenie. Wylądował cicho na zielonej trawie. Słońce świeciło jasno nad głową. Mały ptak leciał z pobliskiego drzewa. Tymczasem pies szczekał głośno. Liście spadły z drzew.,‭Kot przeskoczył przez ogrodzenie. Wylądował cicho na zielonej trawie. Słońce świeciło jasno nad głową. Mały ptak leciał z pobliskiego drzewa.     Tymczasem pies szczekał głośno. Liście spadły z drzew.
Polish,Google Vision,No,100,0.26,0,0.26,1.23,2.86,‭Kot przeskoczył przez ogrodzenie. Wylądował cicho na zielonej trawie. Słońce świeciło jasno nad głową. Mały ptak leciał z pobliskiego drzewa. Tymczasem pies szczekał głośno. Liście spadły z drzew.,‭Kot przeskoczył przez ogrodzenie. Wylądował cicho na zielonej trawie. Słońce świeciło jasno nad głową. Mały ptak leciał z pobliskiego drzewa. Tymczasem pies szczekał głośno. Liście spadły z drzew.,‭Kot przeskoczył przez ogrodzenie. Wylądował cicho na zielonej trawie. Słońce świeciło jasno nad głową. Mały ptak leciał z pobliskiego drzewa.     Tymczasem pies szczekał głośno. Liście spadły z drzew.
Portuguese,Tesseract,No,100,0.61,0,0.61,0.83,5.04,"‭O gato pulou sobre a cerca. A pousou suavemente na grama verde. O sol estava brilhando brilhantemente no alto. Um pequeno pássaro voou de uma árvore próxima. Enquanto isso, um cachorro latia alto. As folhas caíram das árvores.","‭O gato pulou sobre a cerca. A pousou suavemente na grama verde. O sol estava brilhando brilhantemente no alto. Um pequeno pássaro voou de uma árvore próxima. Enquanto isso, um cachorro latia alto. As folhas caíram das árvores.","‭O gato pulou sobre a cerca. A pousou suavemente na grama verde. O sol estava brilhando brilhantemente no alto. Um pequeno pássaro voou de uma árvore próxima.     Enquanto isso, um cachorro latia alto. As folhas caíram das árvores."
Portuguese,Tesseract,Yes,100,0.49,0.01,0.49,0.36,2.15,"‭O gato pulou sobre a cerca. A pousou suavemente na grama verde. O sol estava brilhando brilhantemente no alto. Um pequeno pássaro voou de uma árvore próxima. Enquanto isso, um cachorro latia alto. As folhas caíram das árvores.","‭O gato pulou sobre a cerca. A pousou suavemente na grama verde. O sol estava brilhando brilhantemente no alto. Um pequeno pássaro voou de uma árvore próxima. Enquanto isso, um cachorro latia alto. As folhas caíram das árvores.","‭O gato pulou sobre a cerca. A pousou suavemente na grama verde. O sol estava brilhando brilhantemente no alto. Um pequeno pássaro voou de uma árvore próxima.     Enquanto isso, um cachorro latia alto. As folhas caíram das árvores."
Portuguese,Google Vision,No,100,0.26,0,0.26,1.25,4.15,"‭O gato pulou sobre a cerca. A pousou suavemente na grama verde. O sol estava brilhando brilhantemente no alto. Um pequeno pássaro voou de uma árvore próxima. Enquanto isso, um cachorro latia alto. As folhas caíram das árvores.","‭O gato pulou sobre a cerca. A pousou suavemente na grama verde. O sol estava brilhando brilhantemente no alto. Um pequeno pássaro voou de uma árvore próxima. Enquanto isso, um cachorro latia alto. As folhas caíram das árvores.","‭O gato pulou sobre a cerca. A pousou suavemente na grama verde. O sol estava brilhando brilhantemente no alto. Um pequeno pássaro voou de uma árvore próxima.     Enquanto isso, um cachorro latia alto. As folhas caíram das árvores."
Romanian,Tesseract,No,100,0.56,0,0.56,0.61,3.58,"‭Pisica a sărit peste gard. A aterizat ușor pe iarba verde. Soarele strălucea strălucitor deasupra capului. O pasăre mică a zburat dintr -un copac din apropiere. Între timp, un câine latră tare. Frunzele au căzut din copaci.","‭Pisica a sărit peste gard. A aterizat ușor pe iarba verde. Soarele strălucea strălucitor deasupra capului. O pasăre mică a zburat dintr -un copac din apropiere. Între timp, un câine latră tare. Frunzele au căzut din copaci.","‭Pisica a sărit peste gard. A aterizat ușor pe iarba verde. Soarele strălucea strălucitor deasupra capului. O pasăre mică a zburat dintr -un copac din apropiere.     Între timp, un câine latră tare. Frunzele au căzut din copaci."
Romanian,Tesseract,Yes,100,0.45,0.01,0.45,0.34,1.44,"‭Pisica a sărit peste gard. A aterizat ușor pe iarba verde. Soarele strălucea strălucitor deasupra capului. O pasăre mică a zburat dintr -un copac din apropiere. Între timp, un câine latră tare. Frunzele au căzut din copaci.","‭Pisica a sărit peste gard. A aterizat ușor pe iarba verde. Soarele strălucea strălucitor deasupra capului. O pasăre mică a zburat dintr -un copac din apropiere. Între timp, un câine latră tare. Frunzele au căzut din copaci.","‭Pisica a sărit peste gard. A aterizat ușor pe iarba verde. Soarele strălucea strălucitor deasupra capului. O pasăre mică a zburat dintr -un copac din apropiere.     Între timp, un câine latră tare. Frunzele au căzut din copaci."
Romanian,Google Vision,No,99.47,0.26,0,0.26,1.11,2.86,"‭Pisica a sărit peste gard. A aterizat uşor pe iarba verde. Soarele strălucea strălucitor deasupra capului. O pasăre mică a zburat dintr-un copac din apropiere. Între timp, un câine latră tare. Frunzele au căzut din copaci.","‭Pisica a sărit peste gard. A aterizat uşor pe iarba verde. Soarele strălucea strălucitor deasupra capului. O pasăre mică a zburat dintr-un copac din apropiere. Între timp, un câine latră tare. Frunzele au căzut din copaci.","‭Pisica a sărit peste gard. A aterizat ușor pe iarba verde. Soarele strălucea strălucitor deasupra capului. O pasăre mică a zburat dintr -un copac din apropiere.     Între timp, un câine latră tare. Frunzele au căzut din copaci."
Russian,Tesseract,No,100,0.53,0,0.53,0.9,4.15,‭Кошка перепрыгнула через забор. Он мягко приземлился на зеленую траву. Солнце сияло ярко над головой. Небольшая птица вылетела с соседнего дерева. Тем временем собака громко лаяла. Листья упали с деревьев.,‭Кошка перепрыгнула через забор. Он мягко приземлился на зеленую траву. Солнце сияло ярко над головой. Небольшая птица вылетела с соседнего дерева. Тем временем собака громко лаяла. Листья упали с деревьев.,‭Кошка перепрыгнула через забор. Он мягко приземлился на зеленую траву. Солнце сияло ярко над головой. Небольшая птица вылетела с соседнего дерева.     Тем временем собака громко лаяла. Листья упали с деревьев.
Russian,Tesseract,Yes,100,0.4,0.01,0.4,0.46,1.66,‭Кошка перепрыгнула через забор. Он мягко приземлился на зеленую траву. Солнце сияло ярко над головой. Небольшая птица вылетела с соседнего дерева. Тем временем собака громко лаяла. Листья упали с деревьев.,‭Кошка перепрыгнула через забор. Он мягко приземлился на зеленую траву. Солнце сияло ярко над головой. Небольшая птица вылетела с соседнего дерева. Тем временем собака громко лаяла. Листья упали с деревьев.,‭Кошка перепрыгнула через забор. Он мягко приземлился на зеленую траву. Солнце сияло ярко над головой. Небольшая птица вылетела с соседнего дерева.     Тем временем собака громко лаяла. Листья упали с деревьев.
Russian,Google Vision,No,100,0.26,0,0.26,0.87,2.86,‭Кошка перепрыгнула через забор. Он мягко приземлился на зеленую траву. Солнце сияло ярко над головой. Небольшая птица вылетела с соседнего дерева. Тем временем собака громко лаяла. Листья упали с деревьев.,‭Кошка перепрыгнула через забор. Он мягко приземлился на зеленую траву. Солнце сияло ярко над головой. Небольшая птица вылетела с соседнего дерева. Тем временем собака громко лаяла. Листья упали с деревьев.,‭Кошка перепрыгнула через забор. Он мягко приземлился на зеленую траву. Солнце сияло ярко над головой. Небольшая птица вылетела с соседнего дерева.     Тем временем собака громко лаяла. Листья упали с деревьев.
Spanish,Tesseract,No,100,0.6,0,0.6,0.58,3.36,"‭El gato saltó sobre la cerca. Aterrizó suavemente sobre la hierba verde. El sol brillaba brillantemente por encima. Un pequeño pájaro voló desde un árbol cercano. Mientras tanto, un perro ladró en voz alta. Las hojas cayeron de los árboles.","‭El gato saltó sobre la cerca. Aterrizó suavemente sobre la hierba verde. El sol brillaba brillantemente por encima. Un pequeño pájaro voló desde un árbol cercano. Mientras tanto, un perro ladró en voz alta. Las hojas cayeron de los árboles.","‭El gato saltó sobre la cerca. Aterrizó suavemente sobre la hierba verde. El sol brillaba brillantemente por encima. Un pequeño pájaro voló desde un árbol cercano.     Mientras tanto, un perro ladró en voz alta. Las hojas cayeron de los árboles."
Spanish,Tesseract,Yes,100,0.48,0.01,0.48,0.97,7.56,"‭El gato saltó sobre la cerca. Aterrizó suavemente sobre la hierba verde. El sol brillaba brillantemente por encima. Un pequeño pájaro voló desde un árbol cercano. Mientras tanto, un perro ladró en voz alta. Las hojas cayeron de los árboles.","‭El gato saltó sobre la cerca. Aterrizó suavemente sobre la hierba verde. El sol brillaba brillantemente por encima. Un pequeño pájaro voló desde un árbol cercano. Mientras tanto, un perro ladró en voz alta. Las hojas cayeron de los árboles.","‭El gato saltó sobre la cerca. Aterrizó suavemente sobre la hierba verde. El sol brillaba brillantemente por encima. Un pequeño pájaro voló desde un árbol cercano.     Mientras tanto, un perro ladró en voz alta. Las hojas cayeron de los árboles."
Spanish,Google Vision,No,100,0.27,0,0.27,1.36,4.2,"‭El gato saltó sobre la cerca. Aterrizó suavemente sobre la hierba verde. El sol brillaba brillantemente por encima. Un pequeño pájaro voló desde un árbol cercano. Mientras tanto, un perro ladró en voz alta. Las hojas cayeron de los árboles.","‭El gato saltó sobre la cerca. Aterrizó suavemente sobre la hierba verde. El sol brillaba brillantemente por encima. Un pequeño pájaro voló desde un árbol cercano. Mientras tanto, un perro ladró en voz alta. Las hojas cayeron de los árboles.","‭El gato saltó sobre la cerca. Aterrizó suavemente sobre la hierba verde. El sol brillaba brillantemente por encima. Un pequeño pájaro voló desde un árbol cercano.     Mientras tanto, un perro ladró en voz alta. Las hojas cayeron de los árboles."
Swahili,Tesseract,No,100,0.75,0,0.74,0.52,4.26,"‭Paka akaruka juu ya uzio. Ilitua kwa upole kwenye nyasi za kijani. Jua lilikuwa likiangaza juu. Ndege mdogo akaruka kutoka kwa mti wa karibu. Wakati huo huo, mbwa aligonga kwa sauti kubwa. Majani yakaanguka kutoka kwa miti.","‭Paka akaruka juu ya uzio. Ilitua kwa upole kwenye nyasi za kijani. Jua lilikuwa likiangaza juu. Ndege mdogo akaruka kutoka kwa mti wa karibu. Wakati huo huo, mbwa aligonga kwa sauti kubwa. Majani yakaanguka kutoka kwa miti.","‭Paka akaruka juu ya uzio. Ilitua kwa upole kwenye nyasi za kijani. Jua lilikuwa likiangaza juu. Ndege mdogo akaruka kutoka kwa mti wa karibu.     Wakati huo huo, mbwa aligonga kwa sauti kubwa. Majani yakaanguka kutoka kwa miti."
Swahili,Tesseract,Yes,100,0.61,0.01,0.61,0.42,2.52,"‭Paka akaruka juu ya uzio. Ilitua kwa upole kwenye nyasi za kijani. Jua lilikuwa likiangaza juu. Ndege mdogo akaruka kutoka kwa mti wa karibu. Wakati huo huo, mbwa aligonga kwa sauti kubwa. Majani yakaanguka kutoka kwa miti.","‭Paka akaruka juu ya uzio. Ilitua kwa upole kwenye nyasi za kijani. Jua lilikuwa likiangaza juu. Ndege mdogo akaruka kutoka kwa mti wa karibu. Wakati huo huo, mbwa aligonga kwa sauti kubwa. Majani yakaanguka kutoka kwa miti.","‭Paka akaruka juu ya uzio. Ilitua kwa upole kwenye nyasi za kijani. Jua lilikuwa likiangaza juu. Ndege mdogo akaruka kutoka kwa mti wa karibu.     Wakati huo huo, mbwa aligonga kwa sauti kubwa. Majani yakaanguka kutoka kwa miti."
Swahili,Google Vision,No,100,0.26,0,0.26,1.33,3.33,"‭Paka akaruka juu ya uzio. Ilitua kwa upole kwenye nyasi za kijani. Jua lilikuwa likiangaza juu. Ndege mdogo akaruka kutoka kwa mti wa karibu. Wakati huo huo, mbwa aligonga kwa sauti kubwa. Majani yakaanguka kutoka kwa miti.","‭Paka akaruka juu ya uzio. Ilitua kwa upole kwenye nyasi za kijani. Jua lilikuwa likiangaza juu. Ndege mdogo akaruka kutoka kwa mti wa karibu. Wakati huo huo, mbwa aligonga kwa sauti kubwa. Majani yakaanguka kutoka kwa miti.","‭Paka akaruka juu ya uzio. Ilitua kwa upole kwenye nyasi za kijani. Jua lilikuwa likiangaza juu. Ndege mdogo akaruka kutoka kwa mti wa karibu.     Wakati huo huo, mbwa aligonga kwa sauti kubwa. Majani yakaanguka kutoka kwa miti."
Swedish,Tesseract,No,100,0.87,0,0.87,0.48,4.3,‭Katten hoppade över staketet. Det landade mjukt på det gröna gräset. Solen skiner starkt över huvudet. En liten fågel flög från ett närliggande träd. Under tiden skänkte en hund högt. Bladen föll från träden.,‭Katten hoppade över staketet. Det landade mjukt på det gröna gräset. Solen skiner starkt över huvudet. En liten fågel flög från ett närliggande träd. Under tiden skänkte en hund högt. Bladen föll från träden.,‭Katten hoppade över staketet. Det landade mjukt på det gröna gräset. Solen skiner starkt över huvudet. En liten fågel flög från ett närliggande träd.     Under tiden skänkte en hund högt. Bladen föll från träden.
Swedish,Tesseract,Yes,100,0.76,0.01,0.75,0.25,2.5,‭Katten hoppade över staketet. Det landade mjukt på det gröna gräset. Solen skiner starkt över huvudet. En liten fågel flög från ett närliggande träd. Under tiden skänkte en hund högt. Bladen föll från träden.,‭Katten hoppade över staketet. Det landade mjukt på det gröna gräset. Solen skiner starkt över huvudet. En liten fågel flög från ett närliggande träd. Under tiden skänkte en hund högt. Bladen föll från träden.,‭Katten hoppade över staketet. Det landade mjukt på det gröna gräset. Solen skiner starkt över huvudet. En liten fågel flög från ett närliggande träd.     Under tiden skänkte en hund högt. Bladen föll från träden.
Swedish,Google Vision,No,100,0.25,0,0.25,1.01,2.84,‭Katten hoppade över staketet. Det landade mjukt på det gröna gräset. Solen skiner starkt över huvudet. En liten fågel flög från ett närliggande träd. Under tiden skänkte en hund högt. Bladen föll från träden.,‭Katten hoppade över staketet. Det landade mjukt på det gröna gräset. Solen skiner starkt över huvudet. En liten fågel flög från ett närliggande träd. Under tiden skänkte en hund högt. Bladen föll från träden.,‭Katten hoppade över staketet. Det landade mjukt på det gröna gräset. Solen skiner starkt över huvudet. En liten fågel flög från ett närliggande träd.     Under tiden skänkte en hund högt. Bladen föll från träden.
Thai,Tesseract,No,98.68,0.63,0,0.63,0.64,4.15,‭แม ว ก ร ะ โด ด ข้ า ม ร ั ว ม ั น ล ง จ อ ด เบ า ๆ บ น ห ญ ้ า ส ี เข ี ย ว ด ว ง อ า ท ิ ต ย ์ ส ่ อ ง แส ง เห น ื อ ศี ร ษ ะ น ก ต ั ว เล ็ ก ๆ บ ิ น จ า ก ต ้ น ไม ้ ใ ค ล ้ เค ี ย ง ใน ขณะ เด ี ย ว ก ั น ส ุ น ั ข ก ็ เห ่ า เส ี ย ง ด ั ง ใบ ไม ้ ต ก ล ง ม า จ า ก ต ้ น ไม ้,‭แม ว ก ร ะ โด ด ข้ า ม ร ั ว ม ั น ล ง จ อ ด เบ า ๆ บ น ห ญ ้ า ส ี เข ี ย ว ด ว ง อ า ท ิ ต ย ์ ส ่ อ ง แส ง เห น ื อ ศี ร ษ ะ น ก ต ั ว เล ็ ก ๆ บ ิ น จ า ก ต ้ น ไม ้ ใ ค ล ้ เค ี ย ง ใน ขณะ เด ี ย ว ก ั น ส ุ น ั ข ก ็ เห ่ า เส ี ย ง ด ั ง ใบ ไม ้ ต ก ล ง ม า จ า ก ต ้ น ไม ้,‭แมวกระโดดข้ามรั้ว มันลงจอดเบา ๆ บนหญ้าสีเขียว ดวงอาทิตย์ส่องแสงเหนือศีรษะ นกตัวเล็ก ๆ บินจากต้นไม้ใกล้เคียง     ในขณะเดียวกันสุนัขก็เห่าเสียงดัง ใบไม้ตกลงมาจากต้นไม้
Thai,Tesseract,Yes,99.34,0.46,0.01,0.45,0.49,2.5,‭แม ว ก ร ะ โด ด ข้ า ม ร ั ว ม ั น ล ง จ อ ด เบ า ๆ บ น ห ญ ้ า ส ี เข ี ย ว ด ว ง อ า ท ิ ต ย ์ ส ่ อ ง แส ง เห น ื อ ศี ร ษ ะ น ก ต ั ว เล ็ ก ๆ บ ิ น จ า ก ต ้ น ไม ้ ใก ล ้ เค ี ย ง ใน ขณะ เด ี ย ว ก ั น ส ุ น ั ข ก ็ เห ่ า เส ี ย ง ด ั ง ใบ ไม ้ ต ก ล ง ม า จ า ก ต ้ น ไม ้,‭แม ว ก ร ะ โด ด ข้ า ม ร ั ว ม ั น ล ง จ อ ด เบ า ๆ บ น ห ญ ้ า ส ี เข ี ย ว ด ว ง อ า ท ิ ต ย ์ ส ่ อ ง แส ง เห น ื อ ศี ร ษ ะ น ก ต ั ว เล ็ ก ๆ บ ิ น จ า ก ต ้ น ไม ้ ใก ล ้ เค ี ย ง ใน ขณะ เด ี ย ว ก ั น ส ุ น ั ข ก ็ เห ่ า เส ี ย ง ด ั ง ใบ ไม ้ ต ก ล ง ม า จ า ก ต ้ น ไม ้,‭แมวกระโดดข้ามรั้ว มันลงจอดเบา ๆ บนหญ้าสีเขียว ดวงอาทิตย์ส่องแสงเหนือศีรษะ นกตัวเล็ก ๆ บินจากต้นไม้ใกล้เคียง     ในขณะเดียวกันสุนัขก็เห่าเสียงดัง ใบไม้ตกลงมาจากต้นไม้
Thai,Google Vision,No,99.35,0.25,0,0.25,1.78,3.33,‭แมวกระโดดข้ามรั้ว มันลงจอดเบา ๆ บนหญ้าสีเขียว ๆ ดวงอาทิตย์ส่องแสงเหนือศีรษะ นกตัวเล็ก ๆ บินจากต้นไม้ใกล้เคียง ๆ ในขณะเดียวกันสุนัขก็เห่าเสียงดัง ใบไม้ตกลงมาจากต้นไม้,‭แมวกระโดดข้ามรั้ว มันลงจอดเบา ๆ บนหญ้าสีเขียว ดวงอาทิตย์ส่องแสงเหนือศีรษะ นกตัวเล็ก ๆ บินจากต้นไม้ใกล้เคียง ในขณะเดียวกันสุนัขก็เห่าเสียงดัง ใบไม้ตกลงมาจากต้นไม้,‭แมวกระโดดข้ามรั้ว มันลงจอดเบา ๆ บนหญ้าสีเขียว ดวงอาทิตย์ส่องแสงเหนือศีรษะ นกตัวเล็ก ๆ บินจากต้นไม้ใกล้เคียง     ในขณะเดียวกันสุนัขก็เห่าเสียงดัง ใบไม้ตกลงมาจากต้นไม้
Turkish,Tesseract,No,100,0.54,0,0.54,0.74,3.58,"‭Kedi çitin üzerinden atladı. Yeşil çimlere yumuşak bir şekilde indi. Güneş parlak bir şekilde parlıyordu. Yakındaki bir ağaçtan küçük bir kuş uçtu. Bu arada, bir köpek yüksek sesle havladı. Yapraklar ağaçlardan düştü.","‭Kedi çitin üzerinden atladı. Yeşil çimlere yumuşak bir şekilde indi. Güneş parlak bir şekilde parlıyordu. Yakındaki bir ağaçtan küçük bir kuş uçtu. Bu arada, bir köpek yüksek sesle havladı. Yapraklar ağaçlardan düştü.","‭Kedi çitin üzerinden atladı. Yeşil çimlere yumuşak bir şekilde indi. Güneş parlak bir şekilde parlıyordu. Yakındaki bir ağaçtan küçük bir kuş uçtu.     Bu arada, bir köpek yüksek sesle havladı. Yapraklar ağaçlardan düştü."
Turkish,Tesseract,Yes,99.73,0.43,0,0.42,0.53,3.33,"‭Kedi çitin üzerinden atladı. Yeşil çimlere yumuşak bir şekilde indi. Güneş parlak bir şekilde parlıyordu. Yakındaki bir ağaçtan küçük bir kuş uçtu. Bu arada, bir köpek yüksek sesle havladı. Yapraklar ağaçlardan düştü.","‭Kedi çitin üzerinden atladı. Yeşil çimlere yumuşak bir şekilde indi. Güneş parlak bir şekilde parlıyordu. Yakındaki bir ağaçtan küçük bir kuş uçtu. Bu arada, bir köpek yüksek sesle havladiı. Yapraklar ağaçlardan düştü.","‭Kedi çitin üzerinden atladı. Yeşil çimlere yumuşak bir şekilde indi. Güneş parlak bir şekilde parlıyordu. Yakındaki bir ağaçtan küçük bir kuş uçtu.     Bu arada, bir köpek yüksek sesle havladı. Yapraklar ağaçlardan düştü."
Turkish,Google Vision,No,100,0.26,0,0.26,1.35,4.15,"‭Kedi çitin üzerinden atladı. Yeşil çimlere yumuşak bir şekilde indi. Güneş parlak bir şekilde parlıyordu. Yakındaki bir ağaçtan küçük bir kuş uçtu. Bu arada, bir köpek yüksek sesle havladı. Yapraklar ağaçlardan düştü.","‭Kedi çitin üzerinden atladı. Yeşil çimlere yumuşak bir şekilde indi. Güneş parlak bir şekilde parlıyordu. Yakındaki bir ağaçtan küçük bir kuş uçtu. Bu arada, bir köpek yüksek sesle havladı. Yapraklar ağaçlardan düştü.","‭Kedi çitin üzerinden atladı. Yeşil çimlere yumuşak bir şekilde indi. Güneş parlak bir şekilde parlıyordu. Yakındaki bir ağaçtan küçük bir kuş uçtu.     Bu arada, bir köpek yüksek sesle havladı. Yapraklar ağaçlardan düştü."
Ukrainian,Tesseract,No,100,0.5,0,0.5,0.77,4.15,‭Кіт перескочив через паркан. Він тихо приземлився на зелену траву. Сонце яскраво світило над головою. Маленька птах полетіла з сусіднього дерева. Тим часом собака голосно гавкала. Листя впали з дерев.,‭Кіт перескочив через паркан. Він тихо приземлився на зелену траву. Сонце яскраво світило над головою. Маленька птах полетіла з сусіднього дерева. Тим часом собака голосно гавкала. Листя впали з дерев.,‭Кіт перескочив через паркан. Він тихо приземлився на зелену траву. Сонце яскраво світило над головою. Маленька птах полетіла з сусіднього дерева.     Тим часом собака голосно гавкала. Листя впали з дерев.
Ukrainian,Tesseract,Yes,100,0.39,0.01,0.38,0.49,2.5,‭Кіт перескочив через паркан. Він тихо приземлився на зелену траву. Сонце яскраво світило над головою. Маленька птах полетіла з сусіднього дерева. Тим часом собака голосно гавкала. Листя впали з дерев.,‭Кіт перескочив через паркан. Він тихо приземлився на зелену траву. Сонце яскраво світило над головою. Маленька птах полетіла з сусіднього дерева. Тим часом собака голосно гавкала. Листя впали з дерев.,‭Кіт перескочив через паркан. Він тихо приземлився на зелену траву. Сонце яскраво світило над головою. Маленька птах полетіла з сусіднього дерева.     Тим часом собака голосно гавкала. Листя впали з дерев.
Ukrainian,Google Vision,No,100,0.25,0,0.25,1.11,2.86,‭Кіт перескочив через паркан. Він тихо приземлився на зелену траву. Сонце яскраво світило над головою. Маленька птах полетіла з сусіднього дерева. Тим часом собака голосно гавкала. Листя впали з дерев.,‭Кіт перескочив через паркан. Він тихо приземлився на зелену траву. Сонце яскраво світило над головою. Маленька птах полетіла з сусіднього дерева. Тим часом собака голосно гавкала. Листя впали з дерев.,‭Кіт перескочив через паркан. Він тихо приземлився на зелену траву. Сонце яскраво світило над головою. Маленька птах полетіла з сусіднього дерева.     Тим часом собака голосно гавкала. Листя впали з дерев.
Vietnamese,Tesseract,No,100,0.57,0,0.57,0.71,4.15,"‭Con mèo nhảy qua hàng rào. Nó hạ cánh nhẹ nhàng trên cỏ xanh. Mặt trời đang chiếu sáng rực rỡ. Một con chim nhỏ bay từ một cái cây gần đó. Trong khi đó, một con chó sủa lớn. Lá rơi ra khỏi cây.","‭Con mèo nhảy qua hàng rào. Nó hạ cánh nhẹ nhàng trên cỏ xanh. Mặt trời đang chiếu sáng rực rỡ. Một con chim nhỏ bay từ một cái cây gần đó. Trong khi đó, một con chó sủa lớn. Lá rơi ra khỏi cây.","‭Con mèo nhảy qua hàng rào. Nó hạ cánh nhẹ nhàng trên cỏ xanh. Mặt trời đang chiếu sáng rực rỡ. Một con chim nhỏ bay từ một cái cây gần đó.     Trong khi đó, một con chó sủa lớn. Lá rơi ra khỏi cây."
Vietnamese,Tesseract,Yes,100,0.46,0.01,0.45,0.38,2.13,"‭Con mèo nhảy qua hàng rào. Nó hạ cánh nhẹ nhàng trên cỏ xanh. Mặt trời đang chiếu sáng rực rỡ. Một con chim nhỏ bay từ một cái cây gần đó. Trong khi đó, một con chó sủa lớn. Lá rơi ra khỏi cây.","‭Con mèo nhảy qua hàng rào. Nó hạ cánh nhẹ nhàng trên cỏ xanh. Mặt trời đang chiếu sáng rực rỡ. Một con chim nhỏ bay từ một cái cây gần đó. Trong khi đó, một con chó sủa lớn. Lá rơi ra khỏi cây.","‭Con mèo nhảy qua hàng rào. Nó hạ cánh nhẹ nhàng trên cỏ xanh. Mặt trời đang chiếu sáng rực rỡ. Một con chim nhỏ bay từ một cái cây gần đó.     Trong khi đó, một con chó sủa lớn. Lá rơi ra khỏi cây."
Vietnamese,Google Vision,No,100,0.29,0,0.29,1.29,3.36,"‭Con mèo nhảy qua hàng rào. Nó hạ cánh nhẹ nhàng trên cỏ xanh. Mặt trời đang chiếu sáng rực rỡ. Một con chim nhỏ bay từ một cái cây gần đó. Trong khi đó, một con chó sủa lớn. Lá rơi ra khỏi cây.","‭Con mèo nhảy qua hàng rào. Nó hạ cánh nhẹ nhàng trên cỏ xanh. Mặt trời đang chiếu sáng rực rỡ. Một con chim nhỏ bay từ một cái cây gần đó. Trong khi đó, một con chó sủa lớn. Lá rơi ra khỏi cây.","‭Con mèo nhảy qua hàng rào. Nó hạ cánh nhẹ nhàng trên cỏ xanh. Mặt trời đang chiếu sáng rực rỡ. Một con chim nhỏ bay từ một cái cây gần đó.     Trong khi đó, một con chó sủa lớn. Lá rơi ra khỏi cây."
